<?xml version="1.0"?>

<ruleset name="Fabric Gateway rules"
    xmlns="http://pmd.sourceforge.net/ruleset/2.0.0"
    xmlns:xsi="http://www.w3.org/2001/XMLSchema-instance"
    xsi:schemaLocation="http://pmd.sourceforge.net/ruleset/2.0.0 https://pmd.sourceforge.io/ruleset_2_0_0.xsd">

    <description>Custom PMD ruleset for Fabric Gateway client API.</description>

    <rule ref="category/java/bestpractices.xml"/>
    <rule ref="category/java/codestyle.xml">
        <exclude name="AtLeastOneConstructor"/>
        <exclude name="CommentDefaultAccessModifier"/>
        <exclude name="LocalVariableCouldBeFinal"/>
        <exclude name="LongVariable"/>
        <exclude name="OnlyOneReturn"/>
        <exclude name="ShortVariable"/>
    </rule>
    <rule ref="category/java/design.xml">
        <exclude name="CouplingBetweenObjects"/>
        <exclude name="ExcessiveImports"/>
        <exclude name="LoosePackageCoupling"/>
        <exclude name="TooManyMethods"/>
    </rule>
    <rule ref="category/java/design.xml/LawOfDemeter">
        <properties>
            <property name="trustRadius" value="3"/>
        </properties>
    </rule>
    <rule ref="category/java/documentation.xml/UncommentedEmptyConstructor"/>
    <rule ref="category/java/documentation.xml/UncommentedEmptyMethodBody"/>
    <rule ref="category/java/errorprone.xml">
        <exclude name="AvoidFieldNameMatchingMethodName"/>
        <exclude name="AvoidLiteralsInIfCondition"/>
    </rule>
    <rule ref="category/java/multithreading.xml">
        <exclude name="DoNotUseThreads"/>
    </rule>
    <rule ref="category/java/performance.xml"/>
    <rule ref="category/java/security.xml"/>

</ruleset>
